,xYear,County,Rx_count_Pat,Rx_count_Pph,Rx_count_Dis,Pat_count,PillCount_Total_Pph,PillCount_Total_Dis,PillCount_Total_Pat,RxCount_Total_Pat,PatCount_OpBenzo_Pat,MoEquiv_Total_Pph,Schedule2_Rx_Total_Pph,Schedule234Multi_Pat_Total_Pat,PillCount_Schedule234_Rx_Pph,RxCount_Schedule234_Rx_Pph,PillMean_Schedule234_Rx_Pph,PillCount_Schedule2_Rx_Pph,RxCount_Schedule2_Rx_Pph,PillMean_Schedule2_Rx_Pph,RegCount_Pph,RegCount_Dis,PatCount_MultiDisp,PatCount_MultiRxer,InqCount_Pph,InqCount_Dis,PphCount_RxBenzoOpioid,PatCount_Rx90MME,PatCount_Rx40Methadone,Population,Unnamed: 35,PatCount_OpBenzo_Pat.1,RxCount_Schedule234_Rx_Pph.1,PatCount_MultiDisp.1,PatCount_MultiRxer.1
0,2016,Alameda,464416,507588,531604,179896,31206840.0,43063089.2,29073789,444844,24950,25258738.0,270073,4264,1222435.0,20779,2458.0,33810689,519876,2868.0,5662,1704,117,18264,353321,378313.0,2119,35857,2149,1515717.0,0.0,0.0,0.0,0.0,0.0
1,2016,Alpine,159,7,0,68,129.0,0.0,5010,110,1,98.0,3,3,0.0,0,0.0,279,12,48.4,4,0,0,5,14,0.0,0,0,0,1115.0,0.0,0.0,0.0,0.0,0.0
2,2016,Amador,21703,13842,18685,7269,1096409.0,1932501.0,1729476,20636,850,706623.0,7023,216,40073.0,591,312.00000000000006,1092684,13106,404.59999999999997,103,29,1,642,31508,16573.0,46,950,35,38211.0,0.0,0.0,0.0,0.0,0.0
3,2016,Butte,156347,149063,145183,45982,12142848.5,15675889.0,12922216,150073,8492,7634690.0,79959,1800,590719.0,8436,581.7,12589956,152266,767.9000000000001,742,200,9,3495,190913,172437.0,351,8834,520,220287.0,0.0,0.0,0.0,0.0,0.0
4,2016,Calaveras,28410,14734,20506,9168,1369801.0,2397201.0,2334963,26981,1000,798585.0,7281,319,92722.0,1172,435.6,1374661,14556,617.4,72,27,1,663,45696,16962.0,41,917,125,45570.0,0.0,0.0,0.0,0.0,0.0
5,2016,Colusa,8629,3870,5791,2855,339540.0,465883.0,632515,8273,233,166703.0,1807,60,9411.0,141,87.6,344293,3915,155.1,20,8,1,184,990,12628.0,15,213,7,21608.0,0.0,0.0,0.0,0.0,0.0
6,2016,Contra Costa,425295,422657,400231,149784,28378630.0,31791873.0,28253038,406374,21003,21431349.0,229685,3934,1135677.4,19379,1717.6,30775644,439581,2107.7999999999997,3640,1131,124,16846,384658,357851.0,1422,31500,1650,1043451.0,0.0,0.0,0.0,0.0,0.0
7,2016,Del Norte,19751,13532,18848,5070,1104328.0,1560369.0,2613566,19094,474,626105.0,6397,117,20277.0,358,95.1,1088133,12860,258.2,70,27,0,406,3035,14776.0,34,613,53,28596.0,0.0,0.0,0.0,0.0,0.0
8,2016,El Dorado,102320,64093,69385,34468,3794817.0,7178550.0,7277161,95362,3667,2414933.0,33608,911,185839.0,2991,683.5999999999999,3941948,60483,900.3000000000001,410,156,12,3636,69918,102321.0,218,3351,135,180987.0,0.0,0.0,0.0,0.0,0.0
9,2016,Fresno,379797,415301,454780,136938,27752546.490000002,29129381.41,23984140,372310,22134,18263407.0,214818,4425,1510000.0,22788,2258.6000000000004,28366549,413380,2618.7000000000003,2310,859,14,9715,276217,369235.0,978,19659,1375,935100.0,0.0,0.0,0.0,0.0,0.0
10,2016,Glenn,14594,7644,12196,4826,662097.0,1257138.0,1197731,14038,374,299444.0,4311,130,29643.0,350,151.9,688946,8248,174.7,33,16,0,303,4822,5413.0,15,299,15,28708.0,0.0,0.0,0.0,0.0,0.0
11,2016,Humboldt,84166,79605,80957,23921,7049994.999,10032062.999,6436388,81500,4293,4875785.0,40008,679,202159.0,3244,945.3,7116700,78783,1378.8999999999999,389,108,11,2376,15307,44491.0,210,4890,349,134681.0,0.0,0.0,0.0,0.0,0.0
12,2016,Imperial,48006,33686,44664,21410,2404868.0,3808804.0,3278900,45753,1998,1640592.0,18548,650,140458.0,2269,284.1,2432244,34122,422.20000000000005,206,85,5,1109,56134,23957.0,90,1503,51,170552.0,0.0,0.0,0.0,0.0,0.0
13,2016,Inyo,8632,5138,8341,2736,338546.0,657771.0,615524,8198,260,250852.0,2764,100,22714.0,304,224.0,350058,5214,204.7,72,18,0,217,1564,863.0,25,256,22,19497.0,0.0,0.0,0.0,0.0,0.0
14,2016,Kern,367127,317936,362483,131424,21389839.5,27786655.0,24852433,355145,17966,10347219.0,156654,4313,1095586.5,17565,2052.9,21103371,298322,2490.8,1542,604,35,11715,256103,509540.0,772,13227,468,841588.0,0.0,0.0,0.0,0.0,0.0
15,2016,Kings,52152,37866,48505,19501,2530780.0,4017238.0,3598855,50727,2043,1107798.0,19309,543,135336.0,2207,331.2,2514513,37232,356.59999999999997,251,85,1,1827,34793,66662.0,129,1287,35,151702.0,0.0,0.0,0.0,0.0,0.0
16,2016,Lake,49432,27393,44297,14994,2381738.0,4200714.5,4111508,48284,1930,2110231.0,13932,469,139734.0,2218,413.90000000000003,2395511,27069,655.5,144,35,1,1295,30661,12931.0,69,2240,142,64599.0,0.0,0.0,0.0,0.0,0.0
17,2016,Lassen,16551,15496,13869,5192,1394732.0,1760389.0,1411932,16113,614,521459.0,7277,167,52399.0,635,386.99999999999994,1368397,14996,546.1,103,20,0,302,10500,8568.0,36,552,36,37144.0,0.0,0.0,0.0,0.0,0.0
18,2016,Los Angeles,2317926,2465560,2430550,1024539,142500094.77499998,158170119.274,132021021,2226136,163381,106078846.0,1340458,33037,10190036.48,174592,15720.800000000012,156859127,2557288,17633.299999999992,29070,9597,419,65903,2485554,3870555.0,10225,134117,4309,9811939.0,0.0,0.0,0.0,0.0,0.0
19,2016,Madera,57901,32227,46663,20804,2039098.0,4010106.0,4130599,56215,1532,1086135.0,14409,746,103894.0,1780,356.3,1979442,28037,448.2,319,125,0,1608,16054,71064.0,91,924,45,150446.0,0.0,0.0,0.0,0.0,0.0
20,2016,Marin,84246,92830,78251,31568,6055528.0,7715600.0,5530937,80194,6153,5745084.0,57875,1074,386787.0,6032,1184.9,7317589,108764,1469.9,1242,248,15,3183,48105,33494.0,422,7624,337,251685.0,0.0,0.0,0.0,0.0,0.0
21,2016,Mariposa,10073,3849,6216,3108,328520.0,492215.0,821032,9527,216,173085.0,1907,96,13456.0,162,203.5,328630,3651,251.49999999999997,27,5,2,195,1054,7348.0,13,184,6,16900.0,0.0,0.0,0.0,0.0,0.0
22,2016,Mendocino,54741,44731,51215,16790,3067600.0,4337645.0,3866852,52771,2077,1936345.0,22172,445,100788.0,1724,671.4,3094634,43771,880.5,283,71,1,1380,32915,17338.0,140,2390,161,87595.0,0.0,0.0,0.0,0.0,0.0
23,2016,Merced,104323,83468,90805,37837,6004727.0,8518277.0,7480456,101508,4609,3777379.0,39715,1200,276465.0,4392,650.3000000000001,5876835,77175,901.5000000000002,337,114,4,2969,86101,111577.0,189,4823,245,254483.0,0.0,0.0,0.0,0.0,0.0
24,2016,Modoc,4783,3076,4158,1245,268789.0,348116.0,409481,4638,137,95248.0,1345,25,8870.0,106,318.59999999999997,263420,2868,364.5,16,7,0,136,684,1479.0,10,106,6,8506.0,0.0,0.0,0.0,0.0,0.0
25,2016,Mono,3220,4312,3842,1525,192404.0,163597.0,161732,3164,145,91454.0,2023,45,9648.0,242,49.1,206122,4391,82.5,47,5,0,101,1401,399.0,21,138,11,12975.0,0.0,0.0,0.0,0.0,0.0
26,2016,Monterey,119700,107396,108254,47174,6758513.5,10788729.0,7584094,116894,7587,6380840.0,56615,1650,471355.0,7918,1312.1,7053303,110145,1398.9,992,264,13,3229,121209,112610.0,419,7813,358,402842.0,0.0,0.0,0.0,0.0,0.0
27,2016,Napa,62731,61029,53622,19905,4136396.0,4733943.6,4032256,60881,2730,3409894.0,31569,568,141344.0,2350,319.3,4282645,61382,420.5,466,120,2,1922,40671,11953.0,206,4283,167,137050.0,0.0,0.0,0.0,0.0,0.0
28,2016,Nevada,49784,42497,43674,16802,3090108.0,4080255.0,3892364,47364,2643,2236490.0,23138,474,118910.0,1816,395.2,3255725,43877,480.7,324,68,4,1492,27945,51416.0,160,2932,170,95997.0,0.0,0.0,0.0,0.0,0.0
29,2016,Orange,875178,972294,875846,358318,59487514.999,62703728.5,53690864,827029,70027,57503412.0,569324,11908,4092913.875,69694,4945.299999999999,68430212,1076417,5820.900000000001,9709,3945,208,26980,1456221,1527427.0,3724,62626,2762,3016237.0,0.0,0.0,0.0,0.0,0.0
30,2016,Placer,167868,244568,223936,58502,18074591.0,19556246.0,12032723,159078,14546,12463688.0,135285,1610,778431.3,11459,1015.0999999999999,19496497,256667,1209.8999999999999,1555,440,25,7021,185317,181664.0,748,18667,879,351384.0,0.0,0.0,0.0,0.0,0.0
31,2016,Plumas,10350,9329,10236,2940,762586.0,1078059.0,868782,10026,506,346598.0,4666,78,28331.0,395,310.6,762885,9059,402.3,55,7,0,255,4565,1849.0,31,436,42,18613.0,0.0,0.0,0.0,0.0,0.0
32,2016,Riverside,831360,693444,754566,317664,47270746.5,62162164.0,56669977,800275,43618,49547208.0,357391,10614,2673192.0,43347,3585.899999999999,48318852,682631,4382.5999999999985,4252,1584,153,25333,958750,829278.0,1929,37046,1219,2191564.0,0.0,0.0,0.0,0.0,0.0
33,2016,Sacramento,649445,653523,610660,223808,47525211.0,53683233.0,46749019,625029,35322,30410934.0,347738,5313,1780095.5,27263,2708.2999999999993,49897154,666984,3144.4000000000005,5437,1753,137,28154,749165,820123.0,2119,41992,1867,1420705.0,0.0,0.0,0.0,0.0,0.0
34,2016,San Benito,19372,14761,17070,7621,1376934.0,1882718.0,1453721,18598,603,1102281.0,7300,207,54525.0,696,78.3,1396129,14937,184.89999999999998,50,30,4,479,6727,5163.0,27,1332,106,53857.0,0.0,0.0,0.0,0.0,0.0
35,2016,San Bernardino,793966,776706,772568,292666,52798327.5,59268193.0,53788509,760029,42005,29536081.0,382921,9199,2571375.0,41518,3312.2,52758766,727130,3836.9,4940,1547,91,22844,580678,1011545.0,2036,38089,924,2032042.0,0.0,0.0,0.0,0.0,0.0
36,2016,San Diego,982860,1018182,1029643,395491,65010720.19,79636806.28,63142680,946997,60355,49713183.0,589319,10642,3449152.5,55482,5921.500000000004,73855985,1139370,6910.199999999997,11548,3220,248,30722,1192869,1074427.0,3823,69823,1780,3091958.0,0.0,0.0,0.0,0.0,0.0
37,2016,San Francisco,198846,290274,194181,81935,18846915.905,14114394.155,12210471,191406,17481,17207337.0,172704,2603,1047375.65,17270,1570.1,21850936,333303,1919.7999999999997,6204,1227,98,6917,299546,209146.0,1765,24451,1358,805232.0,0.0,0.0,0.0,0.0,0.0
38,2016,San Joaquin,310648,269487,330917,108122,16815275.0,26506983.0,19849716,301841,15253,10735116.0,134235,3385,821873.0,14383,1559.8999999999996,16840829,257538,1684.2000000000003,1335,592,22,8807,73668,213449.0,630,12399,915,684518.0,0.0,0.0,0.0,0.0,0.0
39,2016,San Luis Obispo,114308,103710,113212,39937,7413274.25,10270310.75,8336135,108294,7395,5435210.0,58769,1530,491543.4,7179,1080.8,8057620,112378,1444.9,873,268,3,4604,98945,59567.0,334,7085,327,269227.0,0.0,0.0,0.0,0.0,0.0
40,2016,San Mateo,176600,176340,180849,74025,10819860.0,13421632.5,10569466,166967,10378,10025771.0,100273,1934,617996.0,10084,1276.1,12226170,189011,1482.3999999999999,2804,819,57,6315,131500,190751.0,864,13811,603,690399.0,0.0,0.0,0.0,0.0,0.0
41,2016,Santa Barbara,140404,161697,135543,54636,10776869.5,12060490.0,9181703,133674,11850,7855120.0,92746,2068,734771.0,11850,1401.4,12024420,176557,1628.4999999999998,1349,283,20,5317,405572,135846.0,583,12147,441,424106.0,0.0,0.0,0.0,0.0,0.0
42,2016,Santa Clara,393132,454828,371621,179381,24269943.27,24848495.0,20412729,376157,25005,21229721.0,250705,4358,1255023.0,23020,2853.800000000001,27683062,474925,3412.299999999999,7842,1950,147,13672,310592,397887.0,2236,31161,1208,1805212.0,0.0,0.0,0.0,0.0,0.0
43,2016,Santa Cruz,101423,94995,90157,37990,5865163.5,7949202.0,6254683,96948,6281,4828250.0,53191,1124,317974.0,5699,772.0,6511626,103082,924.5999999999999,927,167,17,2910,98425,60465.0,387,6800,476,280225.0,0.0,0.0,0.0,0.0,0.0
44,2016,Shasta,131035,131829,120158,37615,10327636.5,13325586.5,10480649,125855,6574,5754453.0,70000,1411,573284.0,8103,840.5999999999999,10653125,135174,930.9,603,196,4,3225,73492,174998.0,321,6795,461,184231.0,0.0,0.0,0.0,0.0,0.0
45,2016,Sierra,994,182,195,358,13016.0,19299.0,78627,945,11,8371.0,86,4,0.0,0,0.0,13235,184,116.5,5,1,0,18,63,40.0,1,14,1,2910.0,0.0,0.0,0.0,0.0,0.0
46,2016,Siskiyou,29483,25557,28252,8111,2022443.0,2354825.0,2297785,28410,1042,1237183.0,13886,185,69477.0,1032,433.8,2092728,26148,646.0,130,35,0,599,13994,11107.0,67,1265,149,46055.0,0.0,0.0,0.0,0.0,0.0
47,2016,Solano,185972,157942,190832,62451,10549868.5,15157833.5,12950218,179493,7029,7244257.0,80864,1498,386543.0,6262,798.1,11139808,156016,917.3,1314,402,20,6788,66406,152347.0,499,9884,496,412119.0,0.0,0.0,0.0,0.0,0.0
48,2016,Sonoma,233461,227459,213580,75019,16339747.5,19685858.0,16606504,225632,12774,13585541.0,120196,2157,779905.018,11099,1298.2999999999997,17522700,233780,1376.9999999999998,1740,384,31,9503,188504,161717.0,772,17000,1041,484213.0,0.0,0.0,0.0,0.0,0.0
49,2016,Stanislaus,309952,323013,284373,96030,25219148.7,26337092.0,22943040,301252,17420,16673753.0,164219,2989,1026716.0,15367,1142.4,25234661,315787,1384.1000000000004,1253,368,15,9608,141065,346055.0,655,18414,1297,518345.0,0.0,0.0,0.0,0.0,0.0
50,2016,Sutter,55578,59569,57464,17797,5151001.0,6276991.0,4638932,53149,3295,3400885.0,32004,609,237309.0,3303,318.4,5267960,60447,213.3,245,70,5,1362,15902,50121.0,107,3740,155,93812.0,0.0,0.0,0.0,0.0,0.0
51,2016,Tehama,36185,24311,36447,10980,2122129.0,3973743.0,2976552,34773,1335,898560.0,12133,304,94829.0,1294,171.2,2138672,24627,291.6,129,31,4,842,19308,54033.0,55,1018,116,54639.0,0.0,0.0,0.0,0.0,0.0
52,2016,Trinity,9799,6949,7071,2599,633474.0,872362.0,836552,9529,404,353053.0,3224,86,34202.0,438,211.5,631255,6839,244.10000000000002,25,4,0,203,2195,2024.0,15,440,63,13701.0,0.0,0.0,0.0,0.0,0.0
53,2016,Tulare,168370,147843,152790,63009,10816249.0,13694003.0,12275736,162698,8109,5384124.0,75289,1942,530022.0,8079,1011.0999999999999,10727389,144086,1355.2000000000003,772,320,5,4529,105597,301903.0,391,5967,305,438352.0,0.0,0.0,0.0,0.0,0.0
54,2016,Tuolumne,37333,33880,35949,11067,2542975.0,3190702.0,2957823,35831,1858,1827624.0,17611,425,143280.0,2118,339.5,2585909,33674,439.8,211,56,0,1030,51099,25472.0,89,2044,177,54242.0,0.0,0.0,0.0,0.0,0.0
55,2016,Ventura,297435,250916,276666,112660,15625210.0,24072167.5,18876972,282883,18844,12837189.0,146753,4242,1133900.72,18271,1469.6999999999998,17890143,277829,1818.6999999999998,2289,719,39,8760,431221,236372.0,969,17193,563,827963.0,0.0,0.0,0.0,0.0,0.0
56,2016,Yolo,67922,56674,62183,25323,3974773.0,5507311.0,4643467,65029,2773,2296083.0,32999,631,135963.0,2252,416.9,4419940,64455,684.6999999999999,617,171,4,2699,28116,58806.0,212,3253,176,202753.0,0.0,0.0,0.0,0.0,0.0
57,2016,Yuba,46521,23278,34061,14916,1962020.0,4119504.0,4146713,44950,1212,1184093.0,12075,320,52416.0,735,383.70000000000005,1979509,23164,424.90000000000003,106,39,2,1036,8727,23567.0,59,1414,48,71319.0,0.0,0.0,0.0,0.0,0.0
58,2017,Alameda,684069,747546,783214,233595,44148906.400000006,64033818.9,41366366,653861,31122,31887951.0,613920,6650,2701704.4,47534,2494.9,39763692,627764,2814.7000000000007,5801,1792,235,29554,280203,432989.0,2301,43036,2336,1515717.0,0.0,0.0,0.0,0.0,0.0
59,2017,Alpine,260,6,0,85,20.0,0.0,8903,200,0,0.0,3,3,0.0,0,0.0,20,1,20.0,5,0,0,7,1,0.0,0,0,0,1115.0,0.0,0.0,0.0,0.0,0.0
60,2017,Amador,33184,21985,28314,9374,1882764.0,2874452.0,2578606,31517,1049,1111204.0,17041,290,113958.0,1468,342.3,1628036,18256,458.90000000000003,102,29,6,1049,18869,12848.0,36,1261,49,38211.0,0.0,0.0,0.0,0.0,0.0
61,2017,Butte,229689,220597,212603,56692,17313919.5,23335319.0,18513336,220371,9682,10576961.0,178892,2624,1381922.0,20234,628.5999999999999,15307817,189741,781.7,745,202,20,6320,162472,166814.0,379,10973,530,220287.0,0.0,0.0,0.0,0.0,0.0
62,2017,Calaveras,40923,19330,29833,11436,1702743.0,3437278.0,3335155,38981,1076,978631.0,15284,437,182118.0,2566,499.3,1600289,17849,557.1,69,29,2,1176,23203,12700.0,45,973,95,45570.0,0.0,0.0,0.0,0.0,0.0
63,2017,Colusa,12095,5169,7583,3602,449696.0,573387.0,874570,11697,165,182957.0,4069,105,25456.0,393,109.7,412153,4871,161.1,20,9,0,282,7141,10803.0,16,191,10,21608.0,0.0,0.0,0.0,0.0,0.0
64,2017,Contra Costa,633080,639660,595407,194696,40960226.83,47317539.5,40498129,603739,26390,27857092.0,533460,6027,2576820.5,46038,1738.1000000000001,37542532,554842,2024.0,3762,1142,260,27275,397258,292512.0,1600,38050,1846,1043451.0,0.0,0.0,0.0,0.0,0.0
65,2017,Del Norte,29904,24596,28688,6128,1996273.0,2371949.0,2374105,28879,562,1132829.0,19073,152,71578.0,1117,146.3,1544315,18607,225.3,78,23,2,805,2787,20167.0,34,760,56,28596.0,0.0,0.0,0.0,0.0,0.0
66,2017,El Dorado,153079,98794,102333,44156,5838445.8,10346123.0,10536552,142814,4260,3641502.0,79395,1380,467062.0,7533,655.6999999999999,5459417,83666,792.3,421,158,26,6264,55145,82170.0,228,4708,220,180987.0,0.0,0.0,0.0,0.0,0.0
67,2017,Fresno,578681,632921,717135,179256,40636142.5,45694568.91,35795223,562984,26173,23935174.0,495367,6928,3598671.0,58388,2315.2999999999993,34373778,534938,2528.5,2396,862,30,15239,226010,395489.0,1089,22607,1399,935100.0,0.0,0.0,0.0,0.0,0.0
68,2017,Glenn,22881,11290,19508,6328,969722.0,1970638.0,1856898,22070,520,485257.0,9861,201,74098.0,994,133.89999999999998,685234,8915,149.6,34,17,1,540,6093,10111.0,12,588,24,28708.0,0.0,0.0,0.0,0.0,0.0
69,2017,Humboldt,122647,113278,117648,29696,8269062.5,13385857.5,9027550,118076,4601,6303303.0,88608,978,493997.0,7763,943.9,6951706,92677,1380.3999999999996,408,100,3,4500,18517,39774.0,235,5926,343,134681.0,0.0,0.0,0.0,0.0,0.0
70,2017,Imperial,75043,53900,70885,28625,3768635.0,6096803.0,5082844,71276,2208,2341786.0,45238,1072,355265.0,5628,422.9,3240051,47546,477.1,205,86,5,2337,65894,32630.0,100,1952,55,170552.0,0.0,0.0,0.0,0.0,0.0
71,2017,Inyo,12849,7347,12593,3562,471185.0,1058131.0,906599,12314,275,346431.0,5871,140,57720.0,812,247.09999999999997,431995,6401,212.7,78,16,1,333,2725,929.0,30,263,16,19497.0,0.0,0.0,0.0,0.0,0.0
72,2017,Kern,558642,490687,541374,168352,32628466.1,43706248.5,37399238,535523,20919,14395485.0,364953,6545,2668368.5,44694,2033.9000000000003,27923498,399551,2566.8999999999996,1610,626,55,19967,229968,440756.0,804,16525,487,841588.0,0.0,0.0,0.0,0.0,0.0
73,2017,Kings,79707,60665,73911,25538,3957689.0,7182514.0,5308270,76982,2451,1576188.0,47030,935,336212.0,5726,330.9,3130644,48833,316.8,248,85,4,2881,30858,62432.0,138,1778,51,151702.0,0.0,0.0,0.0,0.0,0.0
74,2017,Lake,69412,36685,60475,17968,2952110.0,6945555.0,5508284,67543,1855,2593239.0,28291,603,275901.0,4436,458.0,2509455,31677,625.3999999999999,140,41,2,2272,29116,14308.0,70,2507,141,64599.0,0.0,0.0,0.0,0.0,0.0
75,2017,Lassen,23110,21266,19830,6077,1876567.0,2693655.0,1926464,22558,538,593458.0,15903,161,80801.0,1162,288.09999999999997,1609827,17389,402.09999999999997,103,22,3,574,14138,7590.0,34,522,33,37144.0,0.0,0.0,0.0,0.0,0.0
76,2017,Los Angeles,3513283,3746880,3715052,1387172,212570295.70999998,239870899.66,195927768,3365477,204055,147894134.0,3137618,51656,24632194.376700003,423040,15573.899999999992,201234971,3406448,17217.099999999988,30273,9782,1087,120291,2224047,3702524.0,11502,173377,4892,9811939.0,0.0,0.0,0.0,0.0,0.0
77,2017,Madera,84486,42424,66699,25942,2536150.0,6104550.0,5997493,81739,1517,1190513.0,29649,1085,218513.0,3948,436.30000000000007,2082528,30517,456.49999999999994,331,131,4,2802,12342,67285.0,109,995,42,150446.0,0.0,0.0,0.0,0.0,0.0
78,2017,Marin,128082,139407,117457,42277,8681803.167,11276958.333999999,8096964,120988,8263,7544738.0,132604,1577,864374.0,13260,1153.0,9457162,145799,1657.8999999999999,1266,245,55,5887,45859,39041.0,463,9558,368,251685.0,0.0,0.0,0.0,0.0,0.0
79,2017,Mariposa,14120,4846,8729,3769,422990.0,698391.0,1151868,13377,237,227434.0,3483,121,38304.0,399,172.7,407436,4312,224.9,30,5,1,367,926,7400.0,15,178,3,16900.0,0.0,0.0,0.0,0.0,0.0
80,2017,Mendocino,81569,68489,73908,21015,4478382.0,6150305.0,5411136,78443,2051,2892564.0,53561,608,222331.0,3528,762.3999999999999,4054451,59631,979.7999999999998,285,67,8,2168,41315,23774.0,156,2822,180,87595.0,0.0,0.0,0.0,0.0,0.0
81,2017,Merced,152730,123416,134776,48562,8893957.0,13293672.0,10894882,148281,5052,4755609.0,90114,1980,671698.0,10902,702.0,6903072,91960,856.4,362,120,12,4653,62583,85112.0,202,4972,267,254483.0,0.0,0.0,0.0,0.0,0.0
82,2017,Modoc,6775,3610,6002,1467,283776.0,504752.0,561003,6582,136,114801.0,2672,53,16765.0,240,287.5,266724,3217,332.4,18,5,0,191,484,952.0,14,114,1,8506.0,0.0,0.0,0.0,0.0,0.0
83,2017,Mono,4688,6337,5604,2047,268297.0,232390.0,235217,4570,149,136338.0,4564,58,23712.0,484,86.0,278780,6307,77.3,44,6,0,141,1123,472.0,25,157,9,12975.0,0.0,0.0,0.0,0.0,0.0
84,2017,Monterey,177228,158079,158880,61039,9501948.0,15545802.5,10706221,171096,8381,8321243.0,127721,2560,1080260.0,19696,1073.8999999999999,8127681,133714,1315.3999999999999,1029,269,19,5043,81121,108506.0,443,8714,267,402842.0,0.0,0.0,0.0,0.0,0.0
85,2017,Napa,91478,88343,77439,25341,5558738.0,6947879.0,5476612,87764,3300,4207189.0,71037,761,326573.0,6143,329.29999999999995,5267497,79646,380.0,494,125,24,3072,36826,21680.0,215,5041,186,137050.0,0.0,0.0,0.0,0.0,0.0
86,2017,Nevada,74160,65725,65566,21274,4698021.0,6757719.0,5637698,70170,2864,3252862.0,53634,711,324831.0,4851,366.59999999999997,4482204,61032,451.8,332,76,6,2887,29515,39178.0,179,3693,239,95997.0,0.0,0.0,0.0,0.0,0.0
87,2017,Orange,1299091,1445665,1303737,477574,85200849.5,92898569.5,76758995,1227679,86627,61467959.0,1287591,18274,8731518.0,154104,4592.0,82398982,1366581,5306.900000000001,10166,4068,403,49807,1160614,1515773.0,4164,79453,2546,3016237.0,0.0,0.0,0.0,0.0,0.0
88,2017,Placer,256719,384939,346247,76769,27772120.5,29443246.0,17790835,243855,17788,16459121.0,324178,2409,1790019.5,27187,977.7,26905027,366873,1177.3,1635,444,60,12460,160329,158980.0,855,23017,1011,351384.0,0.0,0.0,0.0,0.0,0.0
89,2017,Plumas,15707,12691,15240,3837,1048687.0,1662377.0,1263208,15262,446,392719.0,9505,118,56140.0,840,324.2,957878,11303,436.3,53,7,1,361,3557,3567.0,34,419,37,18613.0,0.0,0.0,0.0,0.0,0.0
90,2017,Riverside,1278282,1083310,1161409,421534,71537063.1,95469535.0,84660435,1226172,55054,40884090.0,840327,16337,6181984.5,104044,3505.5999999999985,58225482,849541,4314.799999999998,4471,1597,400,45515,933783,823891.0,2188,49120,1431,2191564.0,0.0,0.0,0.0,0.0,0.0
91,2017,Sacramento,982323,1000168,928830,290608,69654001.0,80495397.0,68456328,942723,42493,40757569.0,813280,7917,4034655.0,66161,2589.5000000000005,64316502,901817,2948.9999999999995,17487,2331,365,44535,575641,889586.0,2404,53319,2318,1420705.0,0.0,0.0,0.0,0.0,0.0
92,2017,San Benito,25736,16602,22150,9812,1306833.0,2694518.0,1715243,24669,555,865161.0,12611,319,109617.0,1551,130.7,1143184,14239,159.4,57,29,5,758,12616,5661.0,30,888,86,53857.0,0.0,0.0,0.0,0.0,0.0
93,2017,San Bernardino,1219089,1196797,1187529,383078,79176308.3,90823372.5,80806615,1165828,52226,40624853.0,895360,14583,5875685.5,101639,3278.2000000000003,64694035,919732,3772.9,5174,1573,271,43377,627772,1004841.0,2246,47489,1053,2032042.0,0.0,0.0,0.0,0.0,0.0
94,2017,San Diego,1463296,1524456,1517957,522509,95234517.5,116304355.0,91674928,1406289,75180,68050420.0,1358779,16276,8198764.0,136463,5944.999999999999,97308321,1541258,6800.700000000001,11969,3290,594,55423,1086840,1095519.0,4350,88782,2046,3091958.0,0.0,0.0,0.0,0.0,0.0
95,2017,San Francisco,286320,412439,277639,107052,26143461.86,20096089.0,17088188,274598,20448,22855638.0,391276,3598,2041730.0,35288,1475.3999999999999,22816777,363312,1924.8000000000002,6487,1276,206,12541,217390,200050.0,2013,30586,1321,805232.0,0.0,0.0,0.0,0.0,0.0
96,2017,San Joaquin,462981,387535,485280,138629,23506464.5,40300404.0,28560560,446048,17365,13134789.0,294890,5126,1740422.5,30619,1418.4999999999998,19629531,308358,1590.9,1402,612,56,14350,73257,219044.0,675,13904,919,684518.0,0.0,0.0,0.0,0.0,0.0
97,2017,San Luis Obispo,168939,149456,169424,51627,10373175.0,14775587.0,11780414,160139,8704,7230007.0,133162,2220,1095644.0,16878,1092.2999999999997,10215843,147302,1327.9000000000003,913,264,9,6904,148741,68557.0,369,8628,380,269227.0,0.0,0.0,0.0,0.0,0.0
98,2017,San Mateo,259606,266828,267762,97835,16778457.5,19974637.0,15100221,245052,12774,15001567.0,231642,2918,1411324.0,23239,1331.3999999999996,15388040,231247,1462.9000000000003,2916,815,117,10531,135418,142511.0,928,16556,747,690399.0,0.0,0.0,0.0,0.0,0.0
99,2017,Santa Barbara,209189,240743,202436,71917,15577821.0,17596557.0,13465893,198504,13964,10801075.0,209838,2988,1622632.5,27187,1325.1,15533232,234230,1548.6999999999998,1422,285,30,8201,329892,156480.0,641,14913,455,424106.0,0.0,0.0,0.0,0.0,0.0
100,2017,Santa Clara,581221,673288,541800,242971,34102299.39,36650879.0,29152536,554029,30799,27091178.0,573489,6640,2705343.125,52096,2758.7999999999993,32351343,587525,3295.7000000000003,8078,2035,341,22638,282650,441777.0,2617,38883,1255,1805212.0,0.0,0.0,0.0,0.0,0.0
101,2017,Santa Cruz,144989,131561,128952,48880,8080173.0,11394356.0,8711501,138372,6746,6467632.0,114597,1625,704459.0,12723,752.0999999999999,7211751,115988,829.5000000000001,930,167,37,5684,69329,53325.0,418,7983,510,280225.0,0.0,0.0,0.0,0.0,0.0
102,2017,Shasta,188188,191698,175109,46478,14783228.5,19534288.5,14841736,180493,6807,7571635.0,156077,1993,1227205.0,17962,949.9000000000001,13275997,168768,908.8,614,196,14,5557,93661,116460.0,359,7682,406,184231.0,0.0,0.0,0.0,0.0,0.0
103,2017,Sierra,1565,328,292,496,15980.0,44904.0,119475,1504,14,13286.0,261,6,780.0,10,113.3,15111,313,93.6,5,1,0,42,18,24.0,2,13,0,2910.0,0.0,0.0,0.0,0.0,0.0
104,2017,Siskiyou,41777,37234,39379,9524,2876723.0,3233851.0,3168676,40195,1167,1644657.0,30280,261,180315.0,2457,413.6,2870614,36650,787.3999999999999,130,38,0,1008,15777,7353.0,71,1389,136,46055.0,0.0,0.0,0.0,0.0,0.0
105,2017,Solano,277899,234094,281908,79481,14923822.0,22168305.5,18579658,268256,8699,8811427.0,184236,2263,858217.0,14702,680.3000000000001,14245355,208906,881.6999999999998,1362,405,68,10687,70892,163561.0,555,11449,517,412119.0,0.0,0.0,0.0,0.0,0.0
106,2017,Sonoma,353553,347302,312999,94850,23992998.89,29194554.0,23647325,340381,15942,18052516.0,283033,3121,1777538.0,26015,1166.0,23538909,325754,1386.2,1793,391,132,17505,195009,146064.0,890,21353,1115,484213.0,0.0,0.0,0.0,0.0,0.0
107,2017,Stanislaus,473956,482193,432270,123344,36228302.44,40897010.0,33911616,457698,19509,20997418.0,370558,4556,2260547.75,35237,1182.1999999999998,28886124,376626,1417.3,1325,386,41,15657,260609,338306.0,729,20659,1343,518345.0,0.0,0.0,0.0,0.0,0.0
108,2017,Sutter,81132,84586,84937,22044,6996898.0,10713789.0,6545731,77609,3642,4254253.0,69800,854,488278.0,7474,180.10000000000002,5559373,67739,346.0,248,67,12,2564,23065,52279.0,124,4311,176,93812.0,0.0,0.0,0.0,0.0,0.0
109,2017,Tehama,54588,37240,55819,13889,3194186.2,5939231.2,4375798,52538,1359,1217993.0,29773,443,230103.0,3172,191.0,2647127,31616,279.3,136,25,5,1386,17702,13924.0,59,1133,115,54639.0,0.0,0.0,0.0,0.0,0.0
110,2017,Trinity,13834,10150,9747,3111,895217.0,1139321.0,1130797,13450,365,428503.0,7671,104,74701.0,950,192.9,839390,9412,292.1,24,4,0,344,2441,1528.0,19,490,52,13701.0,0.0,0.0,0.0,0.0,0.0
111,2017,Tulare,257858,231338,234270,81522,16555445.5,22089129.0,18066718,248309,9887,7794701.0,178471,2960,1301884.0,21022,1056.8,13486510,188650,1351.4,823,341,17,7879,128347,268954.0,429,7720,395,438352.0,0.0,0.0,0.0,0.0,0.0
112,2017,Tuolumne,54731,52085,52033,13194,3970221.0,6486454.0,4255206,51815,2054,2590193.0,41331,551,336251.0,4937,301.90000000000003,3804120,47686,415.7,216,56,6,1363,33242,33132.0,106,2443,209,54242.0,0.0,0.0,0.0,0.0,0.0
113,2017,Ventura,446766,375906,413199,147116,22966678.5337,35529489.033,27792833,424462,22391,17432855.0,339556,6445,2683099.0,45172,1491.5999999999997,24267225,385756,1750.8999999999996,2362,722,106,15215,321718,261069.0,1045,21380,585,827963.0,0.0,0.0,0.0,0.0,0.0
114,2017,Yolo,102232,80232,92695,33330,5327297.0,7981030.0,6666248,97419,3044,2696974.0,72677,873,293010.0,5177,462.5,5184811,80040,649.0999999999999,630,173,14,4279,37785,73802.0,209,3400,155,202753.0,0.0,0.0,0.0,0.0,0.0
115,2017,Yuba,70006,37288,50073,17892,3144315.0,6521325.0,6057079,67744,1488,1738166.0,28994,489,134573.0,2059,264.8,2666889,30337,485.30000000000007,104,44,10,1979,22951,55123.0,64,2017,62,71319.0,0.0,0.0,0.0,0.0,0.0
116,2018,Alameda,600693,655003,699945,205771,37015749.5,54213149.5,34225975,573547,39617,36716811.0,536510,5702,2369201.0,42747,2343.4,36669648,606892,2704.0,6611,1815,211,26366,352759,366004.0,2067,46549,1955,1515717.0,0.0,0.0,0.0,0.0,0.0
117,2018,Alpine,228,1,0,83,100.0,0.0,11523,171,0,59.0,1,6,0.0,0,0.0,100,1,100.0,5,0,0,9,1,0.0,0,0,0,1115.0,0.0,0.0,0.0,0.0,0.0
118,2018,Amador,29988,17118,26440,8355,1292512.0,2751912.0,2242597,28441,1342,1152393.0,12709,320,113464.0,1623,306.1,1171650,14784,381.3,118,32,3,967,14907,20771.0,34,1239,36,38211.0,0.0,0.0,0.0,0.0,0.0
119,2018,Butte,201502,204366,179314,50550,15269654.2,19607251.0,15190235,193858,12568,12917831.0,161477,2310,1133855.0,16803,635.2,14525869,189867,793.5999999999999,823,195,28,5705,145661,127528.0,323,13134,569,220287.0,0.0,0.0,0.0,0.0,0.0
120,2018,Calaveras,35564,17168,22584,10477,1381092.0,2797313.0,2707025,34067,1439,1143506.0,13497,389,160893.0,2384,480.70000000000005,1335437,16434,512.3,76,27,2,942,19100,16668.0,36,1147,70,45570.0,0.0,0.0,0.0,0.0,0.0
121,2018,Colusa,11250,4681,7114,3344,390980.0,493189.0,708925,10850,263,233333.0,3877,78,16313.0,300,132.3,391185,4820,147.9,33,8,0,271,5851,14920.0,15,185,8,21608.0,0.0,0.0,0.0,0.0,0.0
122,2018,Contra Costa,569370,563362,537618,174126,34103670.75,40696716.5,34403538,544044,35048,30879527.0,470776,5214,2336643.0,41512,1642.4000000000003,34572174,544428,1806.6,4366,1128,236,25440,408326,258382.0,1463,40932,1526,1043451.0,0.0,0.0,0.0,0.0,0.0
123,2018,Del Norte,23507,19919,22269,5162,1530369.0,1901036.0,1778183,22723,691,1363435.0,14796,95,44573.0,665,86.9,1343156,17066,131.7,84,25,0,552,7538,23753.0,31,886,52,28596.0,0.0,0.0,0.0,0.0,0.0
124,2018,El Dorado,130989,79679,95398,38350,4900798.0,9319484.0,8834883,123882,5313,4259119.0,61179,1150,372158.0,5819,673.4,4858757,74134,824.3999999999999,492,160,20,5843,61997,78695.0,208,5200,181,180987.0,0.0,0.0,0.0,0.0,0.0
125,2018,Fresno,524746,582024,642354,162371,35819635.8,41906801.77,31177850,510659,34354,29231120.0,449270,5719,2864927.1,48207,2314.1000000000004,33043608,526784,2591.2999999999997,2812,881,25,14686,402261,351043.0,977,26945,1480,935100.0,0.0,0.0,0.0,0.0,0.0
126,2018,Glenn,19495,12192,15945,5519,1017730.0,1621033.0,1519490,18810,889,736249.0,10165,163,53858.0,757,120.80000000000001,911818,11246,155.6,37,15,0,425,6443,8947.0,16,881,30,28708.0,0.0,0.0,0.0,0.0,0.0
127,2018,Humboldt,106427,95490,103998,25971,6709995.0,11917359.0,7455527,102442,5677,7069601.0,73491,824,399389.0,6373,873.9000000000001,6097048,84850,1227.2,472,116,6,3577,48679,49744.0,213,6436,343,134681.0,0.0,0.0,0.0,0.0,0.0
128,2018,Imperial,67534,49551,64007,25412,3452046.0,5853553.0,4564188,64010,3117,3005219.0,39176,897,311654.0,4998,342.70000000000005,3263298,46787,393.8,276,93,4,2943,85452,48384.0,94,2794,64,170552.0,0.0,0.0,0.0,0.0,0.0
129,2018,Inyo,11257,7176,10608,3134,449236.0,884919.0,775153,10759,478,520776.0,5739,133,50043.0,837,167.89999999999998,450342,7095,154.0,93,14,2,304,2608,793.0,29,360,16,19497.0,0.0,0.0,0.0,0.0,0.0
130,2018,Kern,495321,431997,474942,150780,27794018.745,38095917.995000005,32289005,473030,30060,19096505.0,318765,5039,1944773.0,32802,1776.9999999999998,25713820,379462,2169.4,1894,645,44,17620,285892,375657.0,716,19479,402,841588.0,0.0,0.0,0.0,0.0,0.0
131,2018,Kings,74157,55932,68069,23792,3406214.0,6768007.0,4674562,71649,3681,2485695.0,40726,782,267265.0,4674,351.5,3065823,50071,307.3,315,79,3,2814,50649,54638.0,123,2585,67,151702.0,0.0,0.0,0.0,0.0,0.0
132,2018,Lake,56561,26417,44891,15892,1776587.0,4600668.0,4032817,54978,2236,2588606.0,20308,499,150888.0,2803,316.29999999999995,1708314,24546,403.8,161,32,8,1775,33882,45550.0,62,2666,73,64599.0,0.0,0.0,0.0,0.0,0.0
133,2018,Lassen,18302,15685,15304,4652,1336101.0,2118714.0,1484727,17850,649,791941.0,11637,122,57502.0,793,219.60000000000002,1245356,13979,242.89999999999998,102,17,0,458,14746,5853.0,32,576,28,37144.0,0.0,0.0,0.0,0.0,0.0
134,2018,Los Angeles,3153929,3384818,3345473,1247417,185919886.24169996,215846490.392,169877514,3021434,276951,181160467.0,2855336,45307,20501495.3,377302,14501.099999999999,193611466,3355836,16647.099999999988,34697,9796,1004,110142,2406161,2624472.0,10577,202151,4525,9811939.0,0.0,0.0,0.0,0.0,0.0
135,2018,Madera,75398,38509,59652,23866,2048426.0,5253874.0,5134775,73028,2040,1549234.0,27839,883,148505.0,2749,375.80000000000007,1838442,29780,437.7,369,126,4,2133,22777,52021.0,92,1110,38,150446.0,0.0,0.0,0.0,0.0,0.0
136,2018,Marin,114942,114110,105968,37452,6665975.0,9590480.0,6791219,108496,10915,7955744.0,114068,1472,735098.0,11985,1096.2,8066871,132424,1266.0,1490,249,34,5799,82599,54058.0,440,12038,329,251685.0,0.0,0.0,0.0,0.0,0.0
137,2018,Mariposa,12012,3176,7205,3191,278971.0,570673.0,948169,11513,272,214820.0,2401,100,33048.0,341,96.9,274450,2971,144.1,38,4,2,301,2571,4936.0,15,231,4,16900.0,0.0,0.0,0.0,0.0,0.0
138,2018,Mendocino,75336,66066,67174,19042,3974385.5,5485709.0,4581438,72802,2973,3816310.0,50888,521,204199.15,3446,663.0,3793654,61593,700.8,307,75,3,2159,39409,37556.0,150,3642,168,87595.0,0.0,0.0,0.0,0.0,0.0
139,2018,Merced,132744,98247,113354,42057,6665226.0,10459524.0,8683548,129004,5581,4793603.0,72131,1567,463642.0,8466,625.9,5878173,84614,825.0999999999999,435,122,10,3854,54249,91329.0,180,4096,169,254483.0,0.0,0.0,0.0,0.0,0.0
140,2018,Modoc,5308,3149,4673,1337,241216.0,448768.0,415180,5113,184,158169.0,2335,35,10303.0,135,259.70000000000005,228616,2916,374.6,21,2,0,118,2389,1030.0,13,164,2,8506.0,0.0,0.0,0.0,0.0,0.0
141,2018,Mono,3644,5014,4255,1622,231154.0,191418.0,195089,3573,250,298897.0,3863,33,14616.0,276,70.7,250662,5295,82.8,39,5,0,133,890,547.0,26,274,10,12975.0,0.0,0.0,0.0,0.0,0.0
142,2018,Monterey,153377,136277,136594,52485,7717980.08,12868014.58,8605315,146842,10299,8752212.0,109658,2174,901089.0,17796,1019.1000000000001,7270562,124885,1458.4,1228,276,26,4185,94274,79211.0,400,8802,266,402842.0,0.0,0.0,0.0,0.0,0.0
143,2018,Napa,73759,71250,67185,22783,4447988.2,5817166.3,4545261,70478,4574,4245697.0,58085,635,255067.0,4631,339.2,4425263,66783,344.4,581,130,16,2623,54273,28654.0,189,5895,167,137050.0,0.0,0.0,0.0,0.0,0.0
144,2018,Nevada,65881,58675,59073,18798,4004332.0,5991948.0,4720070,62432,4096,4212640.0,46623,650,263922.0,4123,409.2,3973377,56432,378.79999999999995,390,74,3,2746,35762,32167.0,162,4657,218,95997.0,0.0,0.0,0.0,0.0,0.0
145,2018,Orange,1155145,1280279,1161791,426719,73090470.0,81471841.5,65854994,1093203,112347,71667523.0,1148122,16102,7623602.5,137103,4862.2,78406551,1332203,5190.899999999998,11930,4108,370,44085,1197149,1146745.0,3745,88187,2316,3016237.0,0.0,0.0,0.0,0.0,0.0
146,2018,Placer,232296,350291,324071,70842,24461795.0,25592393.0,15059601,220733,22586,20174576.0,293731,2072,1459846.0,23220,1099.5000000000002,24772014,350412,1193.9999999999998,1914,444,49,11539,215761,157391.0,812,26435,855,351384.0,0.0,0.0,0.0,0.0,0.0
147,2018,Plumas,12925,10735,12759,3144,889347.0,1402624.0,1019469,12561,625,557396.0,7944,103,46449.0,679,283.8,842769,10051,394.5,63,9,0,286,4130,2728.0,30,477,23,18613.0,0.0,0.0,0.0,0.0,0.0
148,2018,Riverside,1161693,979301,1050969,383797,62162566.4,87908803.0,73967285,1112686,73707,50702702.0,751216,13929,5290877.5,91265,3377.700000000001,57039520,862721,4045.399999999999,5248,1612,369,42173,963219,645418.0,2002,57824,1408,2191564.0,0.0,0.0,0.0,0.0,0.0
149,2018,Sacramento,862373,879620,822864,258404,57703730.5,70558071.0,57506784,827443,56080,50503084.0,711271,6556,3147578.5,53844,2527.399999999999,56584220,836113,2954.3,6612,1834,304,41295,729538,792501.0,2219,66351,2148,1420705.0,0.0,0.0,0.0,0.0,0.0
150,2018,San Benito,20967,11832,17326,7935,833067.0,1976598.0,1219184,20270,660,814207.0,8756,288,73465.0,1243,59.1,753954,10694,104.9,64,24,4,625,12561,6749.0,30,749,43,53857.0,0.0,0.0,0.0,0.0,0.0
151,2018,San Bernardino,1097233,1081197,1082690,338669,69046817.2,82181568.0,70277567,1048395,68868,52729769.0,802238,11928,4704294.5,88421,2822.0000000000005,63071041,927756,3555.7999999999997,6154,1598,204,38384,773965,709568.0,1987,58875,1007,2032042.0,0.0,0.0,0.0,0.0,0.0
152,2018,San Diego,1272392,1322633,1325580,459216,78345230.1,100379053.7,75872810,1221134,100002,77354669.0,1191257,14077,6709431.75,117173,5539.300000000004,86649538,1443469,6327.200000000004,13553,3372,553,52196,1147781,804985.0,3921,102431,1897,3091958.0,0.0,0.0,0.0,0.0,0.0
153,2018,San Francisco,257225,374276,239331,94151,22026912.0,16573846.0,14162316,246606,26774,26014557.0,367046,3124,1932952.5,33534,1792.1,23265011,396426,1973.8000000000002,7316,1292,129,10933,281026,149927.0,1840,33270,1102,805232.0,0.0,0.0,0.0,0.0,0.0
154,2018,San Joaquin,405929,351553,418193,122404,20365985.39,33665133.0,23992293,390099,22406,16140629.0,265766,3986,1388740.5,25534,1451.3999999999999,18436408,302281,1411.6999999999998,1678,616,38,12712,153102,223133.0,635,17162,893,684518.0,0.0,0.0,0.0,0.0,0.0
155,2018,San Luis Obispo,151159,132445,151944,47375,8582703.0,12695942.0,9921629,143157,12772,8577715.0,116359,1906,903470.5,14481,1095.9,8981618,139192,1253.2,1049,264,12,5712,158241,100781.0,340,10706,312,269227.0,0.0,0.0,0.0,0.0,0.0
156,2018,San Mateo,230116,233197,236142,86974,13421744.5,17142693.5,12789701,216748,15924,15170799.0,203515,2486,1104070.5,19646,1275.1999999999998,13932389,228156,1491.7999999999997,3300,813,66,9638,158945,93462.0,854,17237,646,690399.0,0.0,0.0,0.0,0.0,0.0
157,2018,Santa Barbara,184830,213968,177288,64411,13508456.0,15808352.0,11426234,174926,17917,13035102.0,185982,2637,1314252.5,22487,1256.1999999999998,14449580,223627,1494.0,1618,303,33,6524,354050,128773.0,543,15815,459,424106.0,0.0,0.0,0.0,0.0,0.0
158,2018,Santa Clara,516015,595274,482350,217542,28687244.25,31265810.0,24345094,491673,39052,30638682.0,512643,5595,2445181.333,46248,2385.1999999999994,30572228,579523,2909.4000000000005,9498,2049,259,20606,342937,392234.0,2345,40212,1305,1805212.0,0.0,0.0,0.0,0.0,0.0
159,2018,Santa Cruz,125285,116176,111332,42327,6699508.0,9849171.0,7182457,119647,9250,7387128.0,101860,1497,696618.0,12773,852.4999999999999,6821048,116095,865.3000000000001,1102,153,30,5226,83192,31802.0,401,9016,472,280225.0,0.0,0.0,0.0,0.0,0.0
160,2018,Shasta,156819,156154,147702,39127,11524271.1,17788691.0,11737628,150406,9625,9771571.0,125985,1685,940414.0,14654,845.6999999999998,10858264,146864,913.1,699,211,15,4651,114512,117490.0,313,9469,334,184231.0,0.0,0.0,0.0,0.0,0.0
161,2018,Sierra,1203,213,119,375,14204.0,17510.0,89348,1148,13,9594.0,180,7,554.0,8,69.3,14342,205,135.7,5,1,0,34,201,175.0,2,7,0,2910.0,0.0,0.0,0.0,0.0,0.0
162,2018,Siskiyou,34803,31426,32501,8293,2328222.0,2592752.0,2536346,33349,1872,1971025.0,25400,218,133351.0,1881,459.4,2357446,31149,563.9,142,29,2,632,15064,7157.0,62,1599,116,46055.0,0.0,0.0,0.0,0.0,0.0
163,2018,Solano,243365,208134,252341,72228,12529536.75,18593841.0,15290887,234965,10664,10218546.0,161072,1917,620280.0,11298,812.6999999999999,12590346,195131,938.1,1633,412,49,9680,104746,136009.0,497,13301,420,412119.0,0.0,0.0,0.0,0.0,0.0
164,2018,Sonoma,310404,304331,282031,85992,20151689.120000005,25366460.0,20077221,298261,20652,19778461.0,247046,2635,1432868.0,21552,1239.3999999999999,20985635,302968,1334.4999999999995,2104,407,75,15956,202606,158272.0,818,24599,1053,484213.0,0.0,0.0,0.0,0.0,0.0
165,2018,Stanislaus,400839,393953,376254,108514,28826181.96,35449062.5,28461016,387486,24775,22777293.0,296296,3587,1797150.9000000001,28372,1079.3999999999999,25256710,335052,1450.3,1598,387,29,13453,314841,290287.0,705,23217,1357,518345.0,0.0,0.0,0.0,0.0,0.0
166,2018,Sutter,69697,72404,70759,19362,5416853.0,8586941.0,5099407,66948,4781,4674892.0,58973,696,333295.0,5391,237.5,4932306,66849,358.0,292,75,9,1900,42487,56847.0,102,4640,142,93812.0,0.0,0.0,0.0,0.0,0.0
167,2018,Tehama,45389,30980,50194,11575,2494089.0,4907911.2,3436420,43596,1958,1645934.0,24194,340,178010.0,2450,223.10000000000002,2198183,28492,254.2,155,28,2,1286,18573,19496.0,60,1512,107,54639.0,0.0,0.0,0.0,0.0,0.0
168,2018,Trinity,11513,7547,4566,2807,656711.0,365016.0,907177,11279,386,410350.0,5665,90,41704.0,552,171.60000000000002,636156,7256,223.89999999999998,28,6,2,327,3296,3696.0,11,381,28,13701.0,0.0,0.0,0.0,0.0,0.0
169,2018,Tulare,224658,207555,201748,71423,14307703.0,19291423.0,15254752,216560,13151,9926558.0,156241,2369,1024307.0,16805,989.9,12787639,183650,1163.8999999999999,981,336,12,7169,123876,214799.0,361,9447,381,438352.0,0.0,0.0,0.0,0.0,0.0
170,2018,Tuolumne,48175,47485,45793,11554,3480206.0,6112714.0,3563825,45256,3041,3385157.0,36658,446,263101.0,4093,373.8,3374316,43856,398.7,255,52,0,1028,37136,35813.0,96,3006,165,54242.0,0.0,0.0,0.0,0.0,0.0
171,2018,Ventura,401604,341942,369492,132673,20436730.7881,32865598.198,24255504,382653,28341,20222534.0,309295,5574,2237071.0001,38473,1358.1,22481599,367959,1538.2999999999997,2740,708,104,14498,267414,227747.0,932,24876,565,827963.0,0.0,0.0,0.0,0.0,0.0
172,2018,Yolo,88944,71456,79231,29399,4663739.0,6848962.0,5552000,84802,4268,3404392.0,65035,694,229079.0,3978,428.0,4858236,76306,648.8,712,173,15,3797,57703,71887.0,206,4355,154,202753.0,0.0,0.0,0.0,0.0,0.0
173,2018,Yuba,60183,29311,42591,15465,2235837.0,5621068.0,4812932,58267,1934,1889745.0,21199,378,84726.0,1373,274.1,2017051,24921,342.3,115,44,6,1800,14689,52249.0,53,2134,45,71319.0,0.0,0.0,0.0,0.0,0.0
174,2019,Alameda,531842,572127,634481,181202,30209961.3,46035274.3,28160885,508599,30589,29989117.0,488432,4670,1685721.0,32935,2170.0000000000014,32253348,571933,2533.1000000000004,6412,1773,143,23170,778918,452886.0,1807,36436,1570,1515717.0,0.0,0.0,0.0,0.0,0.0
175,2019,Alpine,211,1,0,59,30.0,0.0,15401,179,0,25.0,1,2,0.0,0,0.0,30,1,30.0,4,0,0,5,1,0.0,0,0,0,1115.0,0.0,0.0,0.0,0.0,0.0
176,2019,Amador,28200,17664,26902,7925,1225293.0,2477374.0,1957405,26854,1315,1047078.0,13671,244,95081.0,1386,379.09999999999997,1145456,15831,406.4,124,37,6,870,18128,31626.0,35,1057,22,38211.0,0.0,0.0,0.0,0.0,0.0
177,2019,Butte,156935,161338,135263,40517,11117122.5,14674857.0,11002654,151872,8383,9774281.0,131765,1780,780248.0,12371,567.0,11086642,159388,720.4000000000001,755,211,5,5282,246385,170131.0,260,9212,400,220287.0,0.0,0.0,0.0,0.0,0.0
178,2019,Calaveras,33071,16093,17385,9165,1222860.0,2323938.0,2375780,31819,976,941684.0,12086,315,117414.0,1751,381.4,1167525,15050,531.7,79,26,0,902,22414,25023.0,31,941,51,45570.0,0.0,0.0,0.0,0.0,0.0
179,2019,Colusa,9890,5034,6050,2861,407022.0,397375.0,570135,9561,205,223287.0,4175,51,18450.0,299,155.3,395292,5000,158.60000000000002,33,6,0,196,7465,7247.0,13,156,12,21608.0,0.0,0.0,0.0,0.0,0.0
180,2019,Contra Costa,507311,507959,476417,157460,28954463.95,33983215.5,28841607,484443,27886,25954521.0,442848,4147,1799487.5,33088,1620.1000000000001,30904306,518316,1816.7999999999997,4234,1091,177,23149,698023,338400.0,1345,32930,1164,1043451.0,0.0,0.0,0.0,0.0,0.0
181,2019,Del Norte,20627,16636,19360,4394,1257120.0,1637558.0,1477890,19872,485,1047065.0,12502,115,40169.0,721,90.8,1197597,15389,139.0,85,28,1,466,15762,28550.0,28,702,22,28596.0,0.0,0.0,0.0,0.0,0.0
182,2019,El Dorado,114115,62428,94446,33632,3848511.0,8605252.0,7445463,109778,3922,4072066.0,52380,1060,328775.0,5513,540.5,3906910,62436,867.9999999999999,473,155,16,4828,77797,93179.0,173,4615,114,180987.0,0.0,0.0,0.0,0.0,0.0
183,2019,Fresno,487195,547988,627459,145978,31795472.57,38289096.012,27342656,474379,27300,24916500.0,428285,4653,2223878.0,37891,2109.399999999999,30680962,509810,2528.000000000001,2759,866,19,12603,629850,398078.0,888,21745,1184,935100.0,0.0,0.0,0.0,0.0,0.0
184,2019,Glenn,16959,10143,13560,4967,774523.0,1308027.0,1244719,16442,687,557262.0,8316,154,41234.0,595,248.6,792425,10246,235.7,39,15,0,413,6719,12510.0,11,703,21,28708.0,0.0,0.0,0.0,0.0,0.0
185,2019,Humboldt,91998,82294,92676,22608,5503840.0,10157858.0,6056891,88339,4561,5955105.0,64899,682,290046.0,4843,707.4000000000001,5399232,78369,1041.3,458,109,4,3390,95000,67489.0,198,5270,297,134681.0,0.0,0.0,0.0,0.0,0.0
186,2019,Imperial,61647,41439,58681,21740,2773948.0,5389067.0,4041110,58903,2081,2144930.0,31449,810,249678.0,4292,302.8,2626238,37649,412.8,286,91,5,2696,132985,82862.0,76,1657,38,170552.0,0.0,0.0,0.0,0.0,0.0
187,2019,Inyo,9887,6077,9187,2863,411329.0,696509.0,690928,9456,413,479349.0,5035,98,45953.0,700,135.6,408179,5993,157.10000000000002,89,18,0,285,5802,1616.0,27,324,24,19497.0,0.0,0.0,0.0,0.0,0.0
188,2019,Kern,448919,389933,431549,133658,24658908.5,34495359.0,28750408,428923,23642,16480998.0,295689,3856,1339641.0,23432,1621.0999999999995,23567301,355810,2066.4,1909,636,26,17500,537397,478900.0,652,15687,248,841588.0,0.0,0.0,0.0,0.0,0.0
189,2019,Kings,65637,46623,61048,21172,2696222.0,6054179.0,4068974,63647,2895,1917149.0,35658,631,207848.0,3798,367.8,2581097,43740,261.20000000000005,307,84,1,2612,66845,79486.0,106,1566,28,151702.0,0.0,0.0,0.0,0.0,0.0
190,2019,Lake,48655,21357,37779,13848,1408556.0,4336402.0,3313542,47296,1589,1945182.0,17255,399,114102.0,2088,312.50000000000006,1396127,20631,415.30000000000007,169,32,4,1773,46002,48243.0,58,1905,43,64599.0,0.0,0.0,0.0,0.0,0.0
191,2019,Lassen,15738,13117,12965,4178,1069156.0,1727593.0,1231460,15394,533,576995.0,9589,137,53846.0,798,282.4,1018764,12268,268.9,98,23,0,345,19355,19024.0,27,417,13,37144.0,0.0,0.0,0.0,0.0,0.0
192,2019,Los Angeles,2787174,2990184,2965037,1103222,158376842.03300002,189273911.48340002,145183253,2667799,214271,159640374.0,2647910,36627,15756308.59,298472,14148.900000000003,173368646,3083847,15678.500000000004,33909,9605,672,96395,4454243,3101685.0,9088,154244,3202,9811939.0,0.0,0.0,0.0,0.0,0.0
193,2019,Madera,68414,34158,53541,21716,1720933.5,4863949.0,4464535,66166,1443,1251744.0,25718,656,91930.0,1716,348.5,1638815,28089,394.7,372,133,2,1958,32197,63420.0,79,914,25,150446.0,0.0,0.0,0.0,0.0,0.0
194,2019,Marin,103511,107227,98989,33755,5877083.0,8456439.0,5828975,97774,8692,6926115.0,111097,1240,578716.4,9582,955.7,7236589,125842,1222.1,1478,242,25,5094,135508,82272.0,370,8487,253,251685.0,0.0,0.0,0.0,0.0,0.0
195,2019,Mariposa,10818,2848,6109,2695,224371.0,451042.0,782249,10385,197,162661.0,2238,92,27142.0,239,113.6,221274,2699,115.1,33,5,0,251,2329,4708.0,9,162,4,16900.0,0.0,0.0,0.0,0.0,0.0
196,2019,Mendocino,69695,60424,59087,16602,3448693.0,4654551.0,3970320,67622,2546,3338071.0,45895,438,141120.0,2578,724.3,3377126,57771,714.7,299,71,3,2141,65026,45272.0,139,2902,135,87595.0,0.0,0.0,0.0,0.0,0.0
197,2019,Merced,126471,97183,100226,37535,5853338.0,8695463.2,7330787,123103,4310,4053477.0,72931,1223,372483.0,6371,649.6999999999999,5580229,90694,883.4000000000002,421,123,4,3583,98468,110462.0,149,3216,115,254483.0,0.0,0.0,0.0,0.0,0.0
198,2019,Modoc,5130,2752,4694,1272,190766.0,508981.0,378972,4928,166,118147.0,2050,38,13426.0,233,290.1,177183,2462,318.1,20,2,0,138,6403,1434.0,11,130,3,8506.0,0.0,0.0,0.0,0.0,0.0
199,2019,Mono,3413,4569,3745,1573,204967.0,160992.0,184508,3374,206,212825.0,3689,27,11460.0,220,70.2,216463,4802,213.7,39,5,0,106,1515,720.0,17,165,7,12975.0,0.0,0.0,0.0,0.0,0.0
200,2019,Monterey,129690,120998,116446,45539,6401514.04,10473642.75,6818919,123960,7963,7345506.0,99581,1744,798392.5,15934,1032.4,6487679,117798,1158.6,1219,274,15,3580,178569,98592.0,345,7033,186,402842.0,0.0,0.0,0.0,0.0,0.0
201,2019,Napa,65771,62598,60898,20504,3659849.5,5110321.0,3853568,62938,3866,3376097.0,51383,548,174947.0,3481,324.8,3674944,59069,320.90000000000003,575,125,11,2750,95614,31748.0,162,5105,120,137050.0,0.0,0.0,0.0,0.0,0.0
202,2019,Nevada,59565,48573,53086,17173,3006940.5,5281068.0,3919415,56719,3295,3279856.0,39134,543,187100.0,3153,355.4,3017018,47164,356.09999999999997,379,80,6,2591,62585,60301.0,149,3658,146,95997.0,0.0,0.0,0.0,0.0,0.0
203,2019,Orange,1034000,1158897,1044327,381297,63648133.03,70877094.49000001,56447109,977277,85395,60217738.0,1086567,13166,6020478.0,110862,4445.399999999998,72068748,1254181,4979.9,11705,4081,280,36625,2029416,1328818.0,3274,67302,1616,3016237.0,0.0,0.0,0.0,0.0,0.0
204,2019,Placer,214083,325267,295633,64653,21589239.0,22703690.0,13091001,204261,17302,17489578.0,277145,1788,1242190.0,20349,1125.3,22162538,326674,1098.6,1868,456,48,9968,434210,226728.0,722,20267,630,351384.0,0.0,0.0,0.0,0.0,0.0
205,2019,Plumas,11700,8532,11656,2779,716926.0,1250602.0,890611,11428,477,468540.0,6552,91,33950.0,472,309.40000000000003,684532,7970,379.2,57,8,0,406,6949,4993.0,28,393,27,18613.0,0.0,0.0,0.0,0.0,0.0
206,2019,Riverside,1055855,903711,958007,341798,55683448.6,79020634.0,64898141,1011129,56153,44767314.0,710526,11180,4183980.64,74178,3069.9999999999995,55138776,859793,3714.1,5179,1630,279,35533,1581895,862114.0,1723,46216,1013,2191564.0,0.0,0.0,0.0,0.0,0.0
207,2019,Sacramento,768486,792078,741705,228356,48790524.0,60787538.0,48572976,738829,42600,42295218.0,660205,5281,2511200.5,44569,2206.0999999999995,49173522,767627,2739.0000000000005,6453,1823,268,36542,1033559,1081887.0,2002,51490,1486,1420705.0,0.0,0.0,0.0,0.0,0.0
208,2019,San Benito,17717,8201,14327,6877,520822.0,1565145.0,970098,17105,474,500100.0,6043,210,46728.0,772,60.5,510191,7869,79.6,61,26,5,673,12739,7227.0,23,511,17,53857.0,0.0,0.0,0.0,0.0,0.0
209,2019,San Bernardino,976082,953994,960066,295184,59628900.5,73190892.0,61018575,934466,49546,42624175.0,736607,8849,3300817.5,64451,2818.1,58347518,879692,3608.3999999999987,6079,1599,141,31486,1280255,795321.0,1639,43731,747,2032042.0,0.0,0.0,0.0,0.0,0.0
210,2019,San Diego,1131045,1165473,1194702,407716,65402490.35,84378975.7,63927285,1081573,76500,63882872.0,1100321,11943,5335807.0,95982,5234.999999999999,73582451,1276955,6175.900000000001,13446,3279,352,45310,2471014,992315.0,3438,77454,1435,3091958.0,0.0,0.0,0.0,0.0,0.0
211,2019,San Francisco,230559,328523,208820,82648,17653627.5,13898765.0,11871782,220978,21230,20975810.0,341711,2610,1511976.0,27678,1525.3999999999999,20744426,385023,1831.3,7151,1254,99,10239,576526,204189.0,1577,25254,785,805232.0,0.0,0.0,0.0,0.0,0.0
212,2019,San Joaquin,358784,299452,349234,106996,16449683.5,27020525.2,19946701,344525,16217,13178353.0,230487,3135,921050.0,18849,1060.5,16114836,279342,1293.9,1661,596,34,11011,282685,304416.0,536,13010,675,684518.0,0.0,0.0,0.0,0.0,0.0
213,2019,San Luis Obispo,137446,124434,138985,43330,7786139.0,11450816.9,8616017,130919,10063,7159496.0,112017,1557,665787.0,11306,811.6,8240319,133744,1083.8,1039,254,10,4832,211016,127549.0,310,8480,252,269227.0,0.0,0.0,0.0,0.0,0.0
214,2019,San Mateo,203092,214784,205462,77555,11908078.0,14531372.0,10800881,191174,13577,13648328.0,195181,2124,965541.5,17165,1292.6,13078426,221168,1486.0,3188,790,56,8767,316728,130596.0,777,14651,554,690399.0,0.0,0.0,0.0,0.0,0.0
215,2019,Santa Barbara,167054,188684,159189,57206,11366433.99,13709017.99,9969785,158364,13686,11115129.0,172633,2116,1003877.9,18229,1194.3,12519114,202133,1342.5999999999997,1576,289,23,5358,473852,148017.0,477,12488,285,424106.0,0.0,0.0,0.0,0.0,0.0
216,2019,Santa Clara,450850,523093,417399,189098,23915187.75,26442460.5,20107222,429235,30642,26337759.0,478692,4516,2125256.0,38205,2533.5999999999995,27301126,543297,2769.5999999999995,9186,1976,156,17647,569664,512954.0,2024,32261,990,1805212.0,0.0,0.0,0.0,0.0,0.0
217,2019,Santa Cruz,110806,98445,97511,38061,5494902.5,9130956.5,6081259,105631,7239,6181239.0,89170,1288,524092.0,9518,806.4000000000001,5984928,104373,874.6999999999999,1063,166,24,4445,152414,50832.0,359,7468,358,280225.0,0.0,0.0,0.0,0.0,0.0
218,2019,Shasta,130641,127646,127854,34848,8684589.5,14860689.0,9116177,125857,7543,8166826.0,106133,1371,641331.0,10936,649.9999999999999,8535711,125129,896.3000000000001,696,205,36,4311,167986,143760.0,268,7416,184,184231.0,0.0,0.0,0.0,0.0,0.0
219,2019,Sierra,1218,1404,37,359,115399.0,5650.0,80283,1152,95,155226.0,1170,7,7726.0,110,209.9,109568,1240,148.5,6,0,0,43,198,126.0,2,249,21,2910.0,0.0,0.0,0.0,0.0,0.0
220,2019,Siskiyou,29967,26012,27668,7522,1741379.0,2174922.0,2028545,28855,1404,1428176.0,21469,182,88218.0,1459,373.40000000000003,1712634,25304,577.3000000000001,138,24,1,719,29804,17341.0,54,1202,55,46055.0,0.0,0.0,0.0,0.0,0.0
221,2019,Solano,215668,183833,221192,64059,10456361.5,16021176.5,12993399,208493,7799,8548038.0,148095,1419,445422.0,8464,664.6,10730213,176753,850.1999999999999,1603,394,63,8892,220848,151814.0,422,10037,275,412119.0,0.0,0.0,0.0,0.0,0.0
222,2019,Sonoma,285826,275743,253854,77272,17465741.402000003,22000123.5,17215312,274908,16705,16822270.0,230919,2177,1079855.0,17439,1108.8,18474013,278338,1358.4999999999995,2026,398,97,14638,374112,211380.0,736,19368,698,484213.0,0.0,0.0,0.0,0.0,0.0
223,2019,Stanislaus,356695,367999,337719,97658,25792420.7,31209430.0,24278913,344988,19243,19425678.0,284939,2891,1424305.0,23313,1064.8,24556935,341159,1366.6000000000001,1547,379,25,12559,428258,313883.0,603,18624,871,518345.0,0.0,0.0,0.0,0.0,0.0
224,2019,Sutter,60680,62959,58824,16877,4306244.0,6503546.0,4085096,58213,3279,3359198.0,51343,547,217749.0,3892,272.3,4242416,61430,188.8,288,67,6,1799,70022,69793.0,87,2820,69,93812.0,0.0,0.0,0.0,0.0,0.0
225,2019,Tehama,39154,25088,41800,10222,1821043.0,3805811.0,2739457,37756,1277,1235172.0,19823,314,121928.0,1805,138.4,1772979,24737,227.4,134,31,5,1224,43286,19835.0,45,1061,54,54639.0,0.0,0.0,0.0,0.0,0.0
226,2019,Trinity,9989,6737,2491,2585,553174.0,187949.0,748875,9747,299,352485.0,4997,53,24331.0,373,183.5,529980,6402,273.6,26,6,0,229,6085,11189.0,13,317,15,13701.0,0.0,0.0,0.0,0.0,0.0
227,2019,Tulare,208069,181857,186914,64133,11968182.0,17504135.0,13532953,200504,9634,8093641.0,141490,1935,688513.0,12194,861.6,11337496,168260,1100.7,972,324,10,5787,145365,213437.0,302,6487,236,438352.0,0.0,0.0,0.0,0.0,0.0
228,2019,Tuolumne,44496,45325,42391,10315,3042289.0,5321345.0,3121285,42062,2543,3421978.0,35602,474,255898.0,4354,339.5,2933412,41611,397.59999999999997,257,52,2,1168,60501,38181.0,92,2700,144,54242.0,0.0,0.0,0.0,0.0,0.0
229,2019,Ventura,363475,309392,333121,120966,17607545.625,29413782.25,20959725,346568,22119,16857548.0,288487,4812,1839595.5,32143,1344.8,19606977,333929,1454.0,2636,703,62,12526,427859,281772.0,842,19368,364,827963.0,0.0,0.0,0.0,0.0,0.0
230,2019,Yolo,79667,63844,69589,26028,4060502.0,5886815.0,4767852,75966,3063,2775452.0,62934,584,180178.0,3389,375.80000000000007,4467827,72365,501.7,694,174,9,3389,93181,98679.0,182,2810,87,202753.0,0.0,0.0,0.0,0.0,0.0
231,2019,Yuba,52757,22612,37380,13635,1688409.0,4564869.0,3871316,51179,1295,1345851.0,17050,338,67827.0,1167,277.0,1617493,21645,341.59999999999997,115,49,5,1627,36534,70591.0,51,1286,19,71319.0,0.0,0.0,0.0,0.0,0.0
232,2020,Alameda,476986,519783,577665,157083,27443973.0,41795381.0,25081709,455219,24341,24530094.0,453244,3777,1364019.0,26500,2226.7,28279084,502916,2554.8000000000006,6238,0,91,20919,996609,0.0,1650,26365,1207,1515717.0,0.0,0.0,0.0,0.0,0.0
233,2020,Alpine,168,0,0,45,0.0,0.0,11111,145,0,0.0,0,3,0.0,0,0.0,0,0,0.0,4,0,0,6,2,0.0,0,0,0,1115.0,0.0,0.0,0.0,0.0,0.0
234,2020,Amador,27771,17695,26718,7046,1247678.0,2388262.0,1920730,26520,1181,1351015.0,13803,200,77831.0,1266,310.3,1188575,15872,401.9,118,0,4,695,25457,0.0,37,1245,22,38211.0,0.0,0.0,0.0,0.0,0.0
235,2020,Butte,133335,138710,118499,34410,9231236.0,12198351.0,8943457,129361,6229,7461046.0,115569,1515,556852.0,9411,429.0,8001017,121482,626.3000000000001,754,0,0,3688,215691,0.0,239,6632,298,220287.0,0.0,0.0,0.0,0.0,0.0
236,2020,Calaveras,33552,14667,17657,8275,1145710.0,2286866.0,2420193,32329,701,683149.0,11139,288,100534.0,1443,365.5,1028506,12919,444.29999999999995,73,0,0,676,13818,0.0,31,497,33,45570.0,0.0,0.0,0.0,0.0,0.0
237,2020,Colusa,8634,5685,5730,2575,363606.5,365319.0,495777,8358,220,220483.0,4809,55,14246.0,295,129.1,317789,5086,162.60000000000002,37,0,0,189,7029,0.0,12,120,6,21608.0,0.0,0.0,0.0,0.0,0.0
238,2020,Contra Costa,465991,456155,438364,138256,25934989.065,31556368.0,26358841,444983,22139,20919649.0,405472,3510,1416481.0,26608,1462.7,25801451,434247,1765.0000000000005,4122,0,87,21088,877890,0.0,1207,23004,797,1043451.0,0.0,0.0,0.0,0.0,0.0
239,2020,Del Norte,19476,14891,18639,3930,1141146.0,1595507.0,1389478,18783,372,620715.0,11291,83,26355.0,440,83.4,879821,11388,144.10000000000002,80,0,1,475,14421,0.0,24,449,22,28596.0,0.0,0.0,0.0,0.0,0.0
240,2020,El Dorado,107390,60397,81187,30231,3652546.5,7345982.0,6856754,103051,3252,3414039.0,49853,919,199782.0,3749,651.8,3293515,52790,711.8,446,0,15,4465,69277,0.0,154,3621,90,180987.0,0.0,0.0,0.0,0.0,0.0
241,2020,Fresno,444411,499015,549227,129509,28792607.57,35632113.61,24932397,433116,21931,20508068.0,394749,4013,1697719.0,30421,1998.5000000000002,25030897,420367,2472.3,2712,0,16,11983,640102,0.0,806,16777,982,935100.0,0.0,0.0,0.0,0.0,0.0
242,2020,Glenn,15266,7064,12277,4347,519910.0,1070067.0,1072634,14937,502,408897.0,5935,101,21836.0,320,202.8,498524,6436,223.2,36,0,0,350,3556,0.0,11,494,8,28708.0,0.0,0.0,0.0,0.0,0.0
243,2020,Humboldt,80440,73882,78131,19738,4829517.0,8544194.0,5169523,77381,3665,5380081.0,59394,575,241880.0,3962,626.9999999999999,4362472,64532,1063.0,432,0,3,2372,104340,0.0,190,4557,261,134681.0,0.0,0.0,0.0,0.0,0.0
244,2020,Imperial,56047,39905,53851,18117,2675455.3,4844452.0,3660524,53670,1893,1734831.0,31585,597,161979.0,2924,265.29999999999995,2207694,31146,491.9,289,0,1,2680,139567,0.0,66,1569,36,170552.0,0.0,0.0,0.0,0.0,0.0
245,2020,Inyo,9620,6184,9122,2491,426915.0,687557.0,682216,9238,344,469523.0,5144,97,30025.0,464,140.2,384123,5358,162.8,71,0,1,315,6127,0.0,28,297,19,19497.0,0.0,0.0,0.0,0.0,0.0
246,2020,Kern,418013,376571,406527,119741,24907462.0,33123916.0,27557771,400082,18183,13816345.0,286533,3137,1005189.0,17618,1423.9,20700146,296875,2118.7999999999997,1859,0,30,18845,574966,0.0,576,12664,230,841588.0,0.0,0.0,0.0,0.0,0.0
247,2020,Kings,61068,45434,56679,18277,2853395.0,5792115.0,3879046,59202,2166,1666919.0,34522,539,166710.0,3101,294.5,2382331,36524,269.8,287,0,2,1817,51403,0.0,98,1246,14,151702.0,0.0,0.0,0.0,0.0,0.0
248,2020,Lake,43488,17974,33545,12632,1063468.0,4575310.0,2997348,42341,1312,1704986.0,14693,312,68767.0,1157,259.90000000000003,1006628,15647,371.1,164,0,0,1438,44557,0.0,45,1732,39,64599.0,0.0,0.0,0.0,0.0,0.0
249,2020,Lassen,13551,9803,10994,3598,729617.0,1333248.0,1003566,13257,320,312995.0,7085,110,28414.0,479,122.0,517549,6817,290.3,96,0,0,459,16681,0.0,26,270,10,37144.0,0.0,0.0,0.0,0.0,0.0
250,2020,Los Angeles,2529078,2720704,2675706,961773,144797347.84500003,178032191.145,132646836,2418218,171347,125845352.0,2471584,30500,12634645.3562,237964,13782.400000000001,150982864,2650155,15693.400000000007,33494,0,398,79699,4965089,0.0,8143,119660,2681,9811939.0,0.0,0.0,0.0,0.0,0.0
251,2020,Madera,61877,35285,48861,18626,1907906.0,4817917.0,3992474,59985,1136,1096655.0,27252,535,73022.0,1388,343.6,1593027,26013,388.0,358,0,1,1973,48878,0.0,71,779,43,150446.0,0.0,0.0,0.0,0.0,0.0
252,2020,Marin,94649,98531,85731,30333,5568555.9,7372538.5,5273559,88903,7357,5962120.0,105194,1136,475254.38,8004,935.5999999999998,6365699,109136,1140.8999999999999,1471,0,15,4701,181339,0.0,339,7093,202,251685.0,0.0,0.0,0.0,0.0,0.0
253,2020,Mariposa,9823,1959,5847,2476,135825.0,406647.0,701978,9476,123,97365.0,1756,63,6827.0,111,61.5,93000,1410,94.8,29,0,0,266,2113,0.0,6,104,2,16900.0,0.0,0.0,0.0,0.0,0.0
254,2020,Mendocino,60801,53709,54560,14590,3159037.1,4507879.0,3627477,59026,1873,2874570.0,41278,376,125628.0,2345,778.4999999999999,2683674,44994,735.8000000000001,304,0,1,1490,70899,0.0,127,2287,110,87595.0,0.0,0.0,0.0,0.0,0.0
255,2020,Merced,112290,77138,94917,32655,4687329.0,7908099.0,6625678,109512,3168,2963223.0,57720,852,197681.0,3646,566.7,3869674,63599,898.0999999999998,398,0,1,3166,128074,0.0,134,2174,76,254483.0,0.0,0.0,0.0,0.0,0.0
256,2020,Modoc,5188,2996,4901,1231,215331.0,555518.0,396536,5029,126,102779.0,2076,33,10754.0,157,243.3,125297,1729,309.5,25,0,0,103,7119,0.0,11,137,3,8506.0,0.0,0.0,0.0,0.0,0.0
257,2020,Mono,2940,4192,3305,1285,185906.0,141431.0,158802,2896,172,149176.0,3472,37,15813.0,265,59.7,164232,3530,95.0,40,0,0,87,1017,0.0,12,97,7,12975.0,0.0,0.0,0.0,0.0,0.0
258,2020,Monterey,116904,109832,106235,40131,5632049.5,9499996.5,6038641,111279,6970,6663957.0,91886,1488,597183.0,12250,936.6999999999999,5442771,100104,1162.3,1182,0,11,3640,282265,0.0,316,6082,185,402842.0,0.0,0.0,0.0,0.0,0.0
259,2020,Napa,58796,57588,54782,17934,3529407.1,4460783.1,3464538,56259,3218,2929912.0,47769,468,144948.0,2690,378.7,3307462,51043,475.6,570,0,6,2679,111045,0.0,130,4064,104,137050.0,0.0,0.0,0.0,0.0,0.0
260,2020,Nevada,55587,46405,49780,15424,2820813.5,4873551.0,3561033,53211,2693,2827009.0,38914,550,174655.0,2805,357.19999999999993,2641428,41618,330.49999999999994,373,0,1,2205,54500,0.0,141,3041,134,95997.0,0.0,0.0,0.0,0.0,0.0
261,2020,Orange,945073,1054876,959890,337025,58112752.6,66641845.25,51998547,893513,69441,49714828.0,1022751,11459,4879858.0,91331,4445.800000000001,62783758,1092329,4907.1,11618,0,201,29279,2127226,0.0,2931,51117,1240,3016237.0,0.0,0.0,0.0,0.0,0.0
262,2020,Placer,200509,306191,277787,58927,19302873.0,22084963.0,11915614,191821,14531,14662496.0,267537,1714,1083233.0219,18173,802.1999999999999,18272226,283865,1056.7,1864,0,38,8842,496486,0.0,693,16909,505,351384.0,0.0,0.0,0.0,0.0,0.0
263,2020,Plumas,11035,7798,11227,2649,633013.0,1209951.0,837450,10817,348,350732.0,5905,74,19007.0,317,262.3,537654,6449,363.70000000000005,57,0,0,234,7679,0.0,21,315,19,18613.0,0.0,0.0,0.0,0.0,0.0
264,2020,Riverside,984910,818495,917031,301920,51182612.1,76928484.0,61436091,943766,43257,36035999.0,647078,9451,3275833.0,56939,3117.799999999999,46006760,700563,3684.4000000000005,5179,0,178,29554,1584589,0.0,1541,35292,844,2191564.0,0.0,0.0,0.0,0.0,0.0
265,2020,Sacramento,711974,736378,680822,205051,44642760.43,55023768.0,43983978,685426,33315,34416850.0,619396,4664,2068239.0,37045,2148.0,40472720,648411,2655.6000000000004,6442,0,157,31063,1205465,0.0,1859,38861,1103,1420705.0,0.0,0.0,0.0,0.0,0.0
266,2020,San Benito,16512,6994,13162,6229,378600.0,1387164.0,881217,15803,448,382488.0,5541,180,34658.0,612,66.8,348527,5960,70.8,67,0,3,582,8030,0.0,26,318,15,53857.0,0.0,0.0,0.0,0.0,0.0
267,2020,San Bernardino,910942,917992,883656,261848,58196654.0,69646191.5,57463179,871502,39040,36598940.0,700755,7577,2947758.0,52386,2962.7,50404428,754649,3580.2,5923,0,92,27015,1314119,0.0,1422,34726,718,2032042.0,0.0,0.0,0.0,0.0,0.0
268,2020,San Diego,1032771,1054762,1095849,361593,58490685.800000004,77688554.1,57543245,986355,59978,52365718.0,1025219,10252,4225848.229,76825,4744.499999999998,61171624,1077580,5737.500000000001,13260,0,278,36364,3150833,0.0,3079,60728,1048,3091958.0,0.0,0.0,0.0,0.0,0.0
269,2020,San Francisco,199267,284574,178034,70026,15334713.639999999,12361430.0,10384090,190712,16882,17728056.0,318439,2221,1287993.0,23425,1405.5000000000002,18230756,337672,1809.2,7059,0,61,8546,637424,0.0,1364,20218,672,805232.0,0.0,0.0,0.0,0.0,0.0
270,2020,San Joaquin,319319,270040,301480,92749,15402011.5,24203244.0,18267224,307955,11995,11065467.0,212998,2387,702618.0,13928,1095.5,14156189,237901,1334.1,1649,0,21,9517,328249,0.0,476,9414,571,684518.0,0.0,0.0,0.0,0.0,0.0
271,2020,San Luis Obispo,129037,118055,130346,38441,7563918.0,11161852.85,8116081,122850,7540,5776423.0,109540,1303,545764.0,9054,889.8,6901516,108752,1105.7,1008,0,2,3909,191388,0.0,267,6047,176,269227.0,0.0,0.0,0.0,0.0,0.0
272,2020,San Mateo,180863,185653,180421,67245,10106376.5,12913016.0,9596881,169815,10831,10754914.0,176343,1896,1340113.6,14269,1496.0,11013592,189400,1430.1,3101,0,36,7306,403854,0.0,662,10753,381,690399.0,0.0,0.0,0.0,0.0,0.0
273,2020,Santa Barbara,155059,165841,148781,51534,9841377.033,12914854.533,9368379,147138,11050,9153431.0,157211,1876,827933.0,15086,1060.0,10184761,166732,1249.4,1558,0,14,4665,593366,0.0,428,10352,252,424106.0,0.0,0.0,0.0,0.0,0.0
274,2020,Santa Clara,393410,461845,364490,160857,21570790.02,23355356.5,17767044,374158,24871,22283541.0,435498,3726,1784110.9,32828,2417.2,24116296,468267,2821.900000000001,9008,0,99,14296,759249,0.0,1762,23560,761,1805212.0,0.0,0.0,0.0,0.0,0.0
275,2020,Santa Cruz,99867,83920,88091,32990,4719803.3906,8461907.390999999,5589217,94875,5715,5040087.0,79710,1157,432702.0,7959,844.9000000000001,4962115,86558,895.4,1048,0,21,3533,233550,0.0,335,5283,240,280225.0,0.0,0.0,0.0,0.0,0.0
276,2020,Shasta,119593,116790,120704,29997,7879973.0,12072941.0,8223372,115318,5484,7064288.0,99990,1103,474341.0,7904,677.1,6487062,97936,878.3,673,0,8,3260,332414,0.0,242,5686,108,184231.0,0.0,0.0,0.0,0.0,0.0
277,2020,Sierra,1048,1331,0,298,105989.0,0.0,72088,1010,64,165508.0,1022,9,4883.0,81,60.3,96232,1124,148.10000000000002,5,0,0,24,97,0.0,3,201,15,2910.0,0.0,0.0,0.0,0.0,0.0
278,2020,Siskiyou,27694,25023,25533,6498,1691463.0,1935294.0,1863412,26656,1111,1243843.0,21100,160,74379.0,1324,378.90000000000003,1265023,18623,633.4000000000001,152,0,0,458,29499,0.0,53,1010,39,46055.0,0.0,0.0,0.0,0.0,0.0
279,2020,Solano,201352,171572,203841,57532,9428404.0,15008669.0,12017495,194761,6230,6706106.0,139520,1216,345706.0,6686,668.8000000000001,8977778,153419,809.2,1529,0,40,8035,293850,0.0,426,6698,195,412119.0,0.0,0.0,0.0,0.0,0.0
280,2020,Sonoma,258674,251725,235569,68053,16298494.01,20528679.5,15878752,248487,13495,14324828.0,217169,1865,901095.0,13726,1154.3999999999996,16123207,238571,1473.1000000000001,1957,0,45,12636,460630,0.0,677,15549,564,484213.0,0.0,0.0,0.0,0.0,0.0
281,2020,Stanislaus,333879,345185,314771,85633,23832471.0,29055243.0,22141995,323244,15082,16244998.0,266998,2394,1028806.0,17435,927.8000000000001,20704733,293714,1287.1,1499,0,3,11520,586853,0.0,563,14141,645,518345.0,0.0,0.0,0.0,0.0,0.0
282,2020,Sutter,55763,58346,54417,15118,3851565.5,6086605.0,3714046,53679,2622,2941841.0,48112,464,179536.0,3211,141.2,3470182,51349,180.4,284,0,3,1581,93803,0.0,88,2324,76,93812.0,0.0,0.0,0.0,0.0,0.0
283,2020,Tehama,35303,21490,30603,8751,1541115.0,3061575.0,2475709,34088,841,1008893.0,17040,215,64504.0,1014,110.4,1392413,19467,218.39999999999998,126,0,2,876,42608,0.0,45,769,28,54639.0,0.0,0.0,0.0,0.0,0.0
284,2020,Trinity,8853,6138,71,1940,493907.0,364.0,648438,8641,252,336126.0,4737,64,36728.0,552,198.7,459817,5678,240.9,26,0,0,234,5469,0.0,9,307,11,13701.0,0.0,0.0,0.0,0.0,0.0
285,2020,Tulare,201472,176771,184560,58780,11475260.0,17464364.0,13030022,193941,7688,7275280.0,138850,1735,635029.0,11120,902.2,9719968,143938,1017.6999999999999,991,0,3,5348,162407,0.0,281,5771,217,438352.0,0.0,0.0,0.0,0.0,0.0
286,2020,Tuolumne,42558,44718,41161,9464,2947630.5,4981069.0,2976601,40401,2188,2763234.0,35211,377,205659.0,3460,379.80000000000007,2603460,37568,381.59999999999997,236,0,0,953,65472,0.0,89,2276,97,54242.0,0.0,0.0,0.0,0.0,0.0
287,2020,Ventura,337285,284720,311080,109110,15966665.5,27434552.5,19240378,320908,18019,13746054.0,270549,4283,1510076.0,27107,1215.2,16689056,286321,1466.1,2586,0,33,10767,455960,0.0,750,15330,310,827963.0,0.0,0.0,0.0,0.0,0.0
288,2020,Yolo,73668,59854,63727,23499,3793647.5,5291656.0,4307226,69884,2393,2203606.0,59084,500,152372.0,2826,353.90000000000003,3645089,59811,502.9,658,0,7,2821,119051,0.0,160,2122,55,202753.0,0.0,0.0,0.0,0.0,0.0
289,2020,Yuba,48325,19602,31553,12489,1473075.0,3491635.0,3468310,46912,863,1160284.0,14773,312,64926.0,1045,249.0,1303600,17265,345.90000000000003,113,0,4,1327,69689,0.0,54,1004,11,71319.0,0.0,0.0,0.0,0.0,0.0
